station_id,root_grdc_no,test_start_year,test_end_year
1159811,1159105,2017,2019
1159300,1159105,2017,2019
1159301,1159105,2017,2019
1159302,1159105,2017,2019
1159813,1159105,2017,2019
1159815,1159105,2017,2019
1159820,1159105,2017,2019
1159830,1159105,2017,2019
1159450,1159105,2017,2019
1159330,1159105,2017,2019
1159335,1159105,2017,2019
1159337,1159105,2017,2019
1259060,1159105,2017,2019
1159100,1159105,2017,2019
1259070,1159105,2017,2019
1159105,1159105,2017,2019
1159490,1159105,2017,2019
1159120,1159105,2017,2019
1159513,1159105,2017,2019
1259100,1159105,2017,2019
1259103,1159105,2017,2019
1259104,1159105,2017,2019
1159650,1159105,2017,2019
1159651,1159105,2017,2019
1159653,1159105,2017,2019
1159655,1159105,2017,2019
1159400,1159105,2017,2019
1259112,1159105,2017,2019
1159403,1159105,2017,2019
1159660,1159105,2017,2019
1159535,1159105,2017,2019
1159413,1159105,2017,2019
1159415,1159105,2017,2019
1159545,1159105,2017,2019
1159805,1159105,2017,2019
1160263,1160266,2017,2019
1160295,1160266,2017,2019
1160265,1160266,2017,2019
1160266,1160266,2017,2019
1160245,1160266,2017,2019
1160102,1160305,2018,2021
1160300,1160305,2018,2021
1160301,1160305,2018,2021
1160303,1160305,2018,2021
1160304,1160305,2018,2021
1160305,1160305,2018,2021
1160317,1160305,2018,2021
1160580,1160580,2018,2021
1160520,1160580,2018,2021
1160528,1160580,2018,2021
1160529,1160580,2018,2021
1160533,1160580,2018,2021
1160510,1160580,2018,2021
1160770,1160777,2017,2018
1160773,1160777,2017,2018
1160774,1160777,2017,2018
1160775,1160777,2017,2018
1160777,1160777,2017,2018
1160763,1160777,2017,2018
1160710,1160788,2020,2021
1160715,1160788,2020,2021
1160720,1160788,2020,2021
1160788,1160788,2020,2021
1160725,1160788,2020,2021
1196710,1196850,2017,2018
1196104,1196850,2017,2018
1196175,1196850,2017,2018
1196850,1196850,2017,2018
1196150,1196850,2017,2018
1196700,1196850,2017,2018
1196190,1196850,2017,2018
1197505,1197090,2017,2018
1197090,1197090,2017,2018
1197507,1197090,2017,2018
1197540,1197090,2017,2018
1197310,1197090,2017,2018
1197001,1197090,2017,2018
1197550,1197090,2017,2018
1197010,1197090,2017,2018
1197300,1197090,2017,2018
1197593,1197090,2017,2018
1197500,1197090,2017,2018
1197501,1197090,2017,2018
1197502,1197090,2017,2018
1,187,2017,2019
2,187,2017,2019
3,187,2017,2019
4,187,2017,2019
5,187,2017,2019
6,187,2017,2019
7,187,2017,2019
8,187,2017,2019
9,187,2017,2019
10,187,2017,2019
11,187,2017,2019
12,187,2017,2019
13,187,2017,2019
14,187,2017,2019
15,187,2017,2019
16,187,2017,2019
17,187,2017,2019
18,187,2017,2019
19,187,2017,2019
20,187,2017,2019
21,187,2017,2019
22,187,2017,2019
23,187,2017,2019
24,187,2017,2019
25,187,2017,2019
26,187,2017,2019
27,187,2017,2019
28,187,2017,2019
29,187,2017,2019
30,187,2017,2019
31,187,2017,2019
32,187,2017,2019
33,187,2017,2019
34,187,2017,2019
35,187,2017,2019
36,187,2017,2019
37,187,2017,2019
38,187,2017,2019
39,187,2017,2019
40,187,2017,2019
41,187,2017,2019
42,187,2017,2019
43,187,2017,2019
44,187,2017,2019
45,187,2017,2019
46,187,2017,2019
47,187,2017,2019
48,187,2017,2019
49,187,2017,2019
50,187,2017,2019
51,187,2017,2019
52,187,2017,2019
53,187,2017,2019
54,187,2017,2019
55,187,2017,2019
56,187,2017,2019
57,187,2017,2019
58,187,2017,2019
59,187,2017,2019
60,187,2017,2019
61,187,2017,2019
62,187,2017,2019
63,187,2017,2019
64,187,2017,2019
65,187,2017,2019
66,187,2017,2019
67,187,2017,2019
68,187,2017,2019
69,187,2017,2019
70,187,2017,2019
71,187,2017,2019
72,187,2017,2019
73,187,2017,2019
74,187,2017,2019
75,187,2017,2019
76,187,2017,2019
77,187,2017,2019
78,187,2017,2019
79,187,2017,2019
80,187,2017,2019
81,187,2017,2019
82,187,2017,2019
83,187,2017,2019
84,187,2017,2019
85,187,2017,2019
86,187,2017,2019
87,187,2017,2019
88,187,2017,2019
89,187,2017,2019
90,187,2017,2019
91,187,2017,2019
92,187,2017,2019
93,187,2017,2019
94,187,2017,2019
95,187,2017,2019
96,187,2017,2019
97,187,2017,2019
98,187,2017,2019
99,187,2017,2019
100,187,2017,2019
101,187,2017,2019
102,187,2017,2019
103,187,2017,2019
104,187,2017,2019
105,187,2017,2019
106,187,2017,2019
107,187,2017,2019
108,187,2017,2019
109,187,2017,2019
110,187,2017,2019
111,187,2017,2019
112,187,2017,2019
113,187,2017,2019
114,187,2017,2019
115,187,2017,2019
116,187,2017,2019
117,187,2017,2019
118,187,2017,2019
119,187,2017,2019
120,187,2017,2019
121,187,2017,2019
122,187,2017,2019
123,187,2017,2019
124,187,2017,2019
125,187,2017,2019
126,187,2017,2019
127,187,2017,2019
128,187,2017,2019
129,187,2017,2019
130,187,2017,2019
131,187,2017,2019
132,187,2017,2019
133,187,2017,2019
134,187,2017,2019
135,187,2017,2019
136,187,2017,2019
137,187,2017,2019
138,187,2017,2019
139,187,2017,2019
140,187,2017,2019
141,187,2017,2019
142,187,2017,2019
143,187,2017,2019
144,187,2017,2019
145,187,2017,2019
146,187,2017,2019
147,187,2017,2019
148,187,2017,2019
149,187,2017,2019
150,187,2017,2019
151,187,2017,2019
152,187,2017,2019
153,187,2017,2019
154,187,2017,2019
155,187,2017,2019
156,187,2017,2019
157,187,2017,2019
158,187,2017,2019
159,187,2017,2019
160,187,2017,2019
161,187,2017,2019
162,187,2017,2019
163,187,2017,2019
164,187,2017,2019
165,187,2017,2019
166,187,2017,2019
167,187,2017,2019
168,187,2017,2019
169,187,2017,2019
170,187,2017,2019
171,187,2017,2019
172,187,2017,2019
173,187,2017,2019
174,187,2017,2019
175,187,2017,2019
176,187,2017,2019
177,187,2017,2019
178,187,2017,2019
179,187,2017,2019
180,187,2017,2019
181,187,2017,2019
182,187,2017,2019
183,187,2017,2019
184,187,2017,2019
185,187,2017,2019
186,187,2017,2019
187,187,2017,2019
188,187,2017,2019
189,187,2017,2019
190,187,2017,2019
191,187,2017,2019
192,187,2017,2019
193,187,2017,2019
194,187,2017,2019
195,187,2017,2019
196,187,2017,2019
197,187,2017,2019
198,187,2017,2019
199,187,2017,2019
200,187,2017,2019
201,187,2017,2019
202,187,2017,2019
203,187,2017,2019
204,187,2017,2019
205,187,2017,2019
206,187,2017,2019
207,187,2017,2019
208,187,2017,2019
209,187,2017,2019
210,187,2017,2019
211,187,2017,2019
212,187,2017,2019
213,187,2017,2019
214,187,2017,2019
215,187,2017,2019
216,187,2017,2019
217,187,2017,2019
218,187,2017,2019
219,187,2017,2019
220,187,2017,2019
221,187,2017,2019
222,187,2017,2019
223,187,2017,2019
224,187,2017,2019
225,187,2017,2019
226,187,2017,2019
227,187,2017,2019
228,187,2017,2019
229,187,2017,2019
230,187,2017,2019
231,187,2017,2019
232,187,2017,2019
233,187,2017,2019
234,187,2017,2019
235,187,2017,2019
236,187,2017,2019
237,187,2017,2019
238,187,2017,2019
239,187,2017,2019
240,187,2017,2019
241,187,2017,2019
242,187,2017,2019
243,187,2017,2019
244,187,2017,2019
245,187,2017,2019
246,187,2017,2019
247,187,2017,2019
248,187,2017,2019
249,187,2017,2019
250,187,2017,2019
251,187,2017,2019
252,187,2017,2019
253,187,2017,2019
254,187,2017,2019
255,187,2017,2019
256,187,2017,2019
257,187,2017,2019
258,187,2017,2019
259,187,2017,2019
260,187,2017,2019
261,187,2017,2019
262,187,2017,2019
263,187,2017,2019
264,187,2017,2019
265,187,2017,2019
266,187,2017,2019
267,187,2017,2019
268,187,2017,2019
269,187,2017,2019
270,187,2017,2019
271,187,2017,2019
272,187,2017,2019
273,187,2017,2019
274,187,2017,2019
275,187,2017,2019
276,187,2017,2019
277,187,2017,2019
278,187,2017,2019
279,187,2017,2019
280,187,2017,2019
281,187,2017,2019
282,187,2017,2019
283,187,2017,2019
284,187,2017,2019
285,187,2017,2019
286,187,2017,2019
287,187,2017,2019
2260100,2260700,2017,2023
2260600,2260700,2017,2023
2260110,2260700,2017,2023
2260400,2260700,2017,2023
2260500,2260700,2017,2023
2260120,2260700,2017,2023
2260700,2260700,2017,2023
4103200,4103200,2018,2022
4103650,4103200,2018,2022
4203070,4103200,2018,2022
4103630,4103200,2018,2022
4103600,4103200,2018,2022
4103633,4103200,2018,2022
4103602,4103200,2018,2022
4103635,4103200,2018,2022
4203060,4103200,2018,2022
4103550,4103200,2018,2022
4103615,4103200,2018,2022
4116480,4115201,2017,2022
4215335,4115201,2017,2022
4215426,4115201,2017,2022
4215430,4115201,2017,2022
4115080,4115201,2017,2022
4115081,4115201,2017,2022
4115082,4115201,2017,2022
4115100,4115201,2017,2022
4115101,4115201,2017,2022
4115102,4115201,2017,2022
4115105,4115201,2017,2022
4115106,4115201,2017,2022
4116150,4115201,2017,2022
4116181,4115201,2017,2022
4116183,4115201,2017,2022
4116184,4115201,2017,2022
4116185,4115201,2017,2022
4116186,4115201,2017,2022
4116187,4115201,2017,2022
4116188,4115201,2017,2022
4116189,4115201,2017,2022
4116190,4115201,2017,2022
4116191,4115201,2017,2022
4116192,4115201,2017,2022
4116193,4115201,2017,2022
4215010,4115201,2017,2022
4215011,4115201,2017,2022
4116200,4115201,2017,2022
4116201,4115201,2017,2022
4115200,4115201,2017,2022
4115201,4115201,2017,2022
4115202,4115201,2017,2022
4115203,4115201,2017,2022
4115204,4115201,2017,2022
4115205,4115201,2017,2022
4115206,4115201,2017,2022
4215040,4115201,2017,2022
4215050,4115201,2017,2022
4115211,4115201,2017,2022
4115210,4115201,2017,2022
4215051,4115201,2017,2022
4115220,4115201,2017,2022
4115221,4115201,2017,2022
4115222,4115201,2017,2022
4115223,4115201,2017,2022
4115224,4115201,2017,2022
4115226,4115201,2017,2022
4115230,4115201,2017,2022
4115231,4115201,2017,2022
4115235,4115201,2017,2022
4115236,4115201,2017,2022
4115240,4115201,2017,2022
4115241,4115201,2017,2022
4115250,4115201,2017,2022
4215090,4115201,2017,2022
4215610,4115201,2017,2022
4115260,4115201,2017,2022
4115261,4115201,2017,2022
4215102,4115201,2017,2022
4215103,4115201,2017,2022
4215101,4115201,2017,2022
4115262,4115201,2017,2022
4115270,4115201,2017,2022
4116300,4115201,2017,2022
4116301,4115201,2017,2022
4215120,4115201,2017,2022
4115281,4115201,2017,2022
4115280,4115201,2017,2022
4115282,4115201,2017,2022
4215125,4115201,2017,2022
4116311,4115201,2017,2022
4115290,4115201,2017,2022
4116320,4115201,2017,2022
4215650,4115201,2017,2022
4115300,4115201,2017,2022
4115301,4115201,2017,2022
4116325,4115201,2017,2022
4115305,4115201,2017,2022
4116330,4115201,2017,2022
4116331,4115201,2017,2022
4215660,4115201,2017,2022
4116332,4115201,2017,2022
4115310,4115201,2017,2022
4115311,4115201,2017,2022
4116335,4115201,2017,2022
4116333,4115201,2017,2022
4116340,4115201,2017,2022
4215670,4115201,2017,2022
4215160,4115201,2017,2022
4115322,4115201,2017,2022
4215165,4115201,2017,2022
4116350,4115201,2017,2022
4116351,4115201,2017,2022
4115330,4115201,2017,2022
4115331,4115201,2017,2022
4115332,4115201,2017,2022
4116360,4115201,2017,2022
4115340,4115201,2017,2022
4215181,4115201,2017,2022
4115344,4115201,2017,2022
4115345,4115201,2017,2022
4215185,4115201,2017,2022
4115347,4115201,2017,2022
4115348,4115201,2017,2022
4115349,4115201,2017,2022
4115350,4115201,2017,2022
4115351,4115201,2017,2022
4116370,4115201,2017,2022
4215706,4115201,2017,2022
4215710,4115201,2017,2022
4215200,4115201,2017,2022
4116400,4115201,2017,2022
4116401,4115201,2017,2022
4116402,4115201,2017,2022
4116405,4115201,2017,2022
4215230,4115201,2017,2022
4215750,4115201,2017,2022
4115400,4115201,2017,2022
4115401,4115201,2017,2022
4115403,4115201,2017,2022
4115410,4115201,2017,2022
4215250,4115201,2017,2022
4215260,4115201,2017,2022
4116450,4115201,2017,2022
4116451,4115201,2017,2022
4116452,4115201,2017,2022
4215270,4115201,2017,2022
4116460,4115201,2017,2022
4116461,4115201,2017,2022
4116470,4115201,2017,2022
4116471,4115201,2017,2022
4115450,4115201,2017,2022
4115451,4115201,2017,2022
4126851,4126806,2017,2023
4126351,4126806,2017,2023
4126352,4126806,2017,2023
4126801,4126806,2017,2023
4126802,4126806,2017,2023
4126803,4126806,2017,2023
4126804,4126806,2017,2023
4126805,4126806,2017,2023
4126806,4126806,2017,2023
4126810,4126806,2017,2023
4126300,4126806,2017,2023
4126301,4126806,2017,2023
4123136,4127800,2017,2023
4123137,4127800,2017,2023
4123140,4127800,2017,2023
4122630,4127800,2017,2023
4119050,4127800,2017,2023
4122635,4127800,2017,2023
4121100,4127800,2017,2023
4121101,4127800,2017,2023
4121102,4127800,2017,2023
4122639,4127800,2017,2023
4125200,4127800,2017,2023
4122637,4127800,2017,2023
4122638,4127800,2017,2023
4122130,4127800,2017,2023
4122636,4127800,2017,2023
4125205,4127800,2017,2023
4121110,4127800,2017,2023
4121111,4127800,2017,2023
4125210,4127800,2017,2023
4122650,4127800,2017,2023
4123380,4127800,2017,2023
4119310,4127800,2017,2023
4121120,4127800,2017,2023
4121121,4127800,2017,2023
4120100,4127800,2017,2023
4121125,4127800,2017,2023
4121126,4127800,2017,2023
4122151,4127800,2017,2023
4119080,4127800,2017,2023
4122153,4127800,2017,2023
4121130,4127800,2017,2023
4122155,4127800,2017,2023
4122152,4127800,2017,2023
4122154,4127800,2017,2023
4120110,4127800,2017,2023
4120111,4127800,2017,2023
4122160,4127800,2017,2023
4119600,4127800,2017,2023
4119090,4127800,2017,2023
4121140,4127800,2017,2023
4121141,4127800,2017,2023
4121142,4127800,2017,2023
4122165,4127800,2017,2023
4120120,4127800,2017,2023
4127800,4127800,2017,2023
4120121,4127800,2017,2023
4121146,4127800,2017,2023
4122170,4127800,2017,2023
4120125,4127800,2017,2023
4119101,4127800,2017,2023
4121147,4127800,2017,2023
4123200,4127800,2017,2023
4123201,4127800,2017,2023
4123202,4127800,2017,2023
4121150,4127800,2017,2023
4122180,4127800,2017,2023
4123205,4127800,2017,2023
4123206,4127800,2017,2023
4123207,4127800,2017,2023
4123208,4127800,2017,2023
4121161,4127800,2017,2023
4123210,4127800,2017,2023
4121162,4127800,2017,2023
4122700,4127800,2017,2023
4122701,4127800,2017,2023
4122190,4127800,2017,2023
4123209,4127800,2017,2023
4123220,4127800,2017,2023
4220501,4127800,2017,2023
4123225,4127800,2017,2023
4122201,4127800,2017,2023
4123230,4127800,2017,2023
4119650,4127800,2017,2023
4122211,4127800,2017,2023
4123235,4127800,2017,2023
4122212,4127800,2017,2023
4123240,4127800,2017,2023
4125801,4127800,2017,2023
4125802,4127800,2017,2023
4122220,4127800,2017,2023
4122222,4127800,2017,2023
4119150,4127800,2017,2023
4123250,4127800,2017,2023
4123251,4127800,2017,2023
4122230,4127800,2017,2023
4123255,4127800,2017,2023
4125942,4127800,2017,2023
4125943,4127800,2017,2023
4123260,4127800,2017,2023
4122240,4127800,2017,2023
4123265,4127800,2017,2023
4119170,4127800,2017,2023
4123268,4127800,2017,2023
4123270,4127800,2017,2023
4123271,4127800,2017,2023
4120200,4127800,2017,2023
4123272,4127800,2017,2023
4120202,4127800,2017,2023
4123275,4127800,2017,2023
4122250,4127800,2017,2023
4123277,4127800,2017,2023
4123278,4127800,2017,2023
4122255,4127800,2017,2023
4123280,4127800,2017,2023
4122260,4127800,2017,2023
4123290,4127800,2017,2023
4122270,4127800,2017,2023
4122271,4127800,2017,2023
4119200,4127800,2017,2023
4123300,4127800,2017,2023
4127400,4127800,2017,2023
4122280,4127800,2017,2023
4119210,4127800,2017,2023
4122281,4127800,2017,2023
4123310,4127800,2017,2023
4119220,4127800,2017,2023
4123320,4127800,2017,2023
4119230,4127800,2017,2023
4123330,4127800,2017,2023
4123331,4127800,2017,2023
4123335,4127800,2017,2023
4121801,4127800,2017,2023
4121802,4127800,2017,2023
4125900,4127800,2017,2023
4125901,4127800,2017,2023
4123341,4127800,2017,2023
4125904,4127800,2017,2023
4123345,4127800,2017,2023
4119250,4127800,2017,2023
4119251,4127800,2017,2023
4119252,4127800,2017,2023
4123347,4127800,2017,2023
4125910,4127800,2017,2023
4123350,4127800,2017,2023
4123352,4127800,2017,2023
4123351,4127800,2017,2023
4125911,4127800,2017,2023
4123355,4127800,2017,2023
4125915,4127800,2017,2023
4123357,4127800,2017,2023
4119261,4127800,2017,2023
4119260,4127800,2017,2023
4125920,4127800,2017,2023
4119265,4127800,2017,2023
4121311,4127800,2017,2023
4125917,4127800,2017,2023
4119262,4127800,2017,2023
4125918,4127800,2017,2023
4119270,4127800,2017,2023
4119271,4127800,2017,2023
4121320,4127800,2017,2023
4119264,4127800,2017,2023
4123370,4127800,2017,2023
4125930,4127800,2017,2023
4123365,4127800,2017,2023
4125925,4127800,2017,2023
4122350,4127800,2017,2023
4123375,4127800,2017,2023
4119280,4127800,2017,2023
4119281,4127800,2017,2023
4121330,4127800,2017,2023
4119283,4127800,2017,2023
4119282,4127800,2017,2023
4125941,4127800,2017,2023
4119286,4127800,2017,2023
4119285,4127800,2017,2023
4119288,4127800,2017,2023
4125940,4127800,2017,2023
4119290,4127800,2017,2023
4123382,4127800,2017,2023
4121340,4127800,2017,2023
4121341,4127800,2017,2023
4123385,4127800,2017,2023
4119295,4127800,2017,2023
4125950,4127800,2017,2023
4125944,4127800,2017,2023
4122370,4127800,2017,2023
4120321,4127800,2017,2023
4119300,4127800,2017,2023
4120320,4127800,2017,2023
4121350,4127800,2017,2023
4120322,4127800,2017,2023
4123400,4127800,2017,2023
4120330,4127800,2017,2023
4120331,4127800,2017,2023
4127501,4127800,2017,2023
4127502,4127800,2017,2023
4127503,4127800,2017,2023
4119312,4127800,2017,2023
4119311,4127800,2017,2023
4119313,4127800,2017,2023
4119315,4127800,2017,2023
4122900,4127800,2017,2023
4122901,4127800,2017,2023
4122902,4127800,2017,2023
4122903,4127800,2017,2023
4119317,4127800,2017,2023
4119321,4127800,2017,2023
4119322,4127800,2017,2023
4119318,4127800,2017,2023
4119325,4127800,2017,2023
4119327,4127800,2017,2023
4122111,4127800,2017,2023
4121400,4127800,2017,2023
4121401,4127800,2017,2023
4125500,4127800,2017,2023
4120900,4127800,2017,2023
4120902,4127800,2017,2023
4120903,4127800,2017,2023
4121420,4127800,2017,2023
4125010,4127800,2017,2023
4121430,4127800,2017,2023
4121431,4127800,2017,2023
4125020,4127800,2017,2023
4125025,4127800,2017,2023
4125026,4127800,2017,2023
4125027,4127800,2017,2023
4125028,4127800,2017,2023
4119400,4127800,2017,2023
4119401,4127800,2017,2023
4125550,4127800,2017,2023
4125551,4127800,2017,2023
4125552,4127800,2017,2023
4127600,4127800,2017,2023
4119410,4127800,2017,2023
4125555,4127800,2017,2023
4120950,4127800,2017,2023
4120951,4127800,2017,2023
4120952,4127800,2017,2023
4120953,4127800,2017,2023
4125050,4127800,2017,2023
4123510,4127800,2017,2023
4127100,4127800,2017,2023
4125565,4127800,2017,2023
4125055,4127800,2017,2023
4125061,4127800,2017,2023
4125062,4127800,2017,2023
4125063,4127800,2017,2023
4125064,4127800,2017,2023
4119430,4127800,2017,2023
4125070,4127800,2017,2023
4119440,4127800,2017,2023
4119442,4127800,2017,2023
4120300,4127800,2017,2023
4119445,4127800,2017,2023
4119447,4127800,2017,2023
4120301,4127800,2017,2023
4119450,4127800,2017,2023
4119451,4127800,2017,2023
4119452,4127800,2017,2023
4119454,4127800,2017,2023
4125100,4127800,2017,2023
4125110,4127800,2017,2023
4123360,4127800,2017,2023
4120311,4127800,2017,2023
4123090,4127800,2017,2023
4119510,4127800,2017,2023
4123095,4127800,2017,2023
4127200,4127800,2017,2023
4127201,4127800,2017,2023
4127202,4127800,2017,2023
4123110,4127800,2017,2023
4123111,4127800,2017,2023
4122352,4127800,2017,2023
4122600,4127800,2017,2023
4122601,4127800,2017,2023
4122603,4127800,2017,2023
4122602,4127800,2017,2023
4123120,4127800,2017,2023
4122100,4127800,2017,2023
4122105,4127800,2017,2023
4123130,4127800,2017,2023
4122620,4127800,2017,2023
4123135,4127800,2017,2023
4147715,4147703,2017,2023
4147720,4147703,2017,2023
4147721,4147703,2017,2023
4147725,4147703,2017,2023
4147726,4147703,2017,2023
4147700,4147703,2017,2023
4147701,4147703,2017,2023
4147702,4147703,2017,2023
4147703,4147703,2017,2023
4147704,4147703,2017,2023
4147710,4147703,2017,2023
4150400,4150500,2017,2022
4150500,4150500,2017,2022
4150501,4150500,2017,2022
4150502,4150500,2017,2022
4150503,4150500,2017,2022
4150505,4150500,2017,2022
4150250,4150500,2017,2022
4150507,4150500,2017,2022
4150510,4150500,2017,2022
4150515,4150500,2017,2022
4152450,4152050,2017,2023
4152580,4152050,2017,2023
4152202,4152050,2017,2023
4152460,4152050,2017,2023
4152590,4152050,2017,2023
4152465,4152050,2017,2023
4152600,4152050,2017,2023
4152610,4152050,2017,2023
4152103,4152050,2017,2023
4152620,4152050,2017,2023
4152110,4152050,2017,2023
4152500,4152050,2017,2023
4152120,4152050,2017,2023
4152900,4152050,2017,2023
4152650,4152050,2017,2023
4152651,4152050,2017,2023
4152652,4152050,2017,2023
4152400,4152050,2017,2023
4152660,4152050,2017,2023
4152800,4152050,2017,2023
4152550,4152050,2017,2023
4152551,4152050,2017,2023
4152552,4152050,2017,2023
4152553,4152050,2017,2023
4152300,4152050,2017,2023
4152301,4152050,2017,2023
4152050,4152050,2017,2023
4152570,4152050,2017,2023
4152700,4152050,2017,2023
4152701,4152050,2017,2023
4207880,4207900,2017,2022
4207380,4207900,2017,2022
4207770,4207900,2017,2022
4207130,4207900,2017,2022
4207900,4207900,2017,2022
4207150,4207900,2017,2022
4207160,4207900,2017,2022
4207800,4207900,2017,2022
4207300,4207900,2017,2022
4207050,4207900,2017,2022
4207180,4207900,2017,2022
4207310,4207900,2017,2022
4207190,4207900,2017,2022
4207830,4207900,2017,2022
4207320,4207900,2017,2022
4207321,4207900,2017,2022
4207710,4207900,2017,2022
4207330,4207900,2017,2022
4207850,4207900,2017,2022
4207220,4207900,2017,2022
4207860,4207900,2017,2022
4207350,4207900,2017,2022
4207100,4207900,2017,2022
4214275,4214270,2019,2020
4214280,4214270,2019,2020
4214281,4214270,2019,2020
4214285,4214270,2019,2020
4214286,4214270,2019,2020
4214287,4214270,2019,2020
4214290,4214270,2019,2020
4214295,4214270,2019,2020
4214297,4214270,2019,2020
4214298,4214270,2019,2020
4214210,4214270,2019,2020
4214260,4214270,2019,2020
4214261,4214270,2019,2020
4214262,4214270,2019,2020
4214263,4214270,2019,2020
4214264,4214270,2019,2020
4214265,4214270,2019,2020
4214270,4214270,2019,2020
4214271,4214270,2019,2020
4133250,4243151,2017,2023
4132100,4243151,2017,2023
4135300,4243151,2017,2023
4234500,4243151,2017,2023
4235400,4243151,2017,2023
4236300,4243151,2017,2023
4133260,4243151,2017,2023
4143500,4243151,2017,2023
4134800,4243151,2017,2023
4236050,4243151,2017,2023
4133651,4243151,2017,2023
4234900,4243151,2017,2023
4133652,4243151,2017,2023
4133400,4243151,2017,2023
4232600,4243151,2017,2023
4234650,4243151,2017,2023
4236700,4243151,2017,2023
4232700,4243151,2017,2023
4134300,4243151,2017,2023
4135200,4243151,2017,2023
4234400,4243151,2017,2023
4135201,4243151,2017,2023
4235300,4243151,2017,2023
4135205,4243151,2017,2023
4235301,4243151,2017,2023
4132900,4243151,2017,2023
4133801,4243151,2017,2023
4132010,4243151,2017,2023
4135210,4243151,2017,2023
4134700,4243151,2017,2023
4234670,4243151,2017,2023
4133550,4243151,2017,2023
4136500,4243151,2017,2023
4235190,4243151,2017,2023
4235191,4243151,2017,2023
4234680,4243151,2017,2023
4234550,4243151,2017,2023
4135100,4243151,2017,2023
4132800,4243151,2017,2023
4235200,4243151,2017,2023
4236100,4243151,2017,2023
4232900,4243151,2017,2023
4133700,4243151,2017,2023
4133701,4243151,2017,2023
4133450,4243151,2017,2023
4234700,4243151,2017,2023
4234701,4243151,2017,2023
4135500,4243151,2017,2023
4243151,4243151,2017,2023
4136400,4243151,2017,2023
4134350,4243151,2017,2023
4236500,4243151,2017,2023
4243160,4243151,2017,2023
4235100,4243151,2017,2023
4235101,4243151,2017,2023
4232030,4243151,2017,2023
4234720,4243151,2017,2023
4235490,4243151,2017,2023
4234850,4243151,2017,2023
4134500,4243151,2017,2023
4135400,4243151,2017,2023
4132200,4243151,2017,2023
4234600,4243151,2017,2023
4235500,4243151,2017,2023
4133100,4243151,2017,2023
4232300,4243151,2017,2023
4136301,4243151,2017,2023
4234100,4243151,2017,2023
4133750,4243151,2017,2023
4133751,4243151,2017,2023
4135800,4243151,2017,2023
4133500,4243151,2017,2023
4133501,4243151,2017,2023
4243070,4243151,2017,2023
5101124,5101162,2017,2023
5101125,5101162,2017,2023
5101162,5101162,2017,2023
5101163,5101162,2017,2023
5101165,5101162,2017,2023
5101285,5101301,2017,2022
5101287,5101301,2017,2022
5101288,5101301,2017,2022
5101301,5101301,2017,2022
5101303,5101301,2017,2022
5101305,5101301,2017,2022
5101308,5101301,2017,2022
5101380,5101390,2017,2019
5101381,5101390,2017,2019
5101385,5101390,2017,2019
5101486,5101390,2017,2019
5101390,5101390,2017,2019
5109201,5109201,2017,2022
5109203,5109201,2017,2022
5109204,5109201,2017,2022
5109205,5109201,2017,2022
5109206,5109201,2017,2022
5202048,5202044,2017,2024
5202051,5202044,2017,2024
5202056,5202044,2017,2024
5202057,5202044,2017,2024
5202040,5202044,2017,2024
5202044,5202044,2017,2024
5202060,5202070,2017,2024
5202062,5202070,2017,2024
5202063,5202070,2017,2024
5202064,5202070,2017,2024
5202070,5202070,2017,2024
5202080,5202080,2017,2020
5202081,5202080,2017,2020
5202082,5202080,2017,2020
5202083,5202080,2017,2020
5202085,5202080,2017,2020
5202086,5202080,2017,2020
5202087,5202080,2017,2020
5202088,5202080,2017,2020
5202112,5202102,2017,2024
5202113,5202102,2017,2024
5202102,5202102,2017,2024
5202103,5202102,2017,2024
5202105,5202102,2017,2024
5202108,5202102,2017,2024
5202109,5202102,2017,2024
5202111,5202102,2017,2024
5202217,5302229,2017,2023
5302220,5302229,2017,2023
5202227,5302229,2017,2023
5202228,5302229,2017,2023
5302229,5302229,2017,2023
5302108,5302229,2017,2023
5302109,5302229,2017,2023
5302242,5302242,2020,2024
5302243,5302242,2020,2024
5302244,5302242,2020,2024
5302245,5302242,2020,2024
5302246,5302242,2020,2024
5302260,5302261,2017,2020
5302261,5302261,2017,2020
5302262,5302261,2017,2020
5302263,5302261,2017,2020
5302264,5302261,2017,2020
5302265,5302261,2017,2020
5104160,5404271,2017,2021
5204011,5404271,2017,2021
5204013,5404271,2017,2021
5204015,5404271,2017,2021
5204018,5404271,2017,2021
5204019,5404271,2017,2021
5104220,5404271,2017,2021
5104223,5404271,2017,2021
5104228,5404271,2017,2021
5104230,5404271,2017,2021
5404270,5404271,2017,2021
5404271,5404271,2017,2021
5204100,5404271,2017,2021
5204101,5404271,2017,2021
5204102,5404271,2017,2021
5204103,5404271,2017,2021
5204104,5404271,2017,2021
5204105,5404271,2017,2021
5204106,5404271,2017,2021
5204107,5404271,2017,2021
5204108,5404271,2017,2021
5204109,5404271,2017,2021
5204110,5404271,2017,2021
5204111,5404271,2017,2021
5204112,5404271,2017,2021
5204120,5404271,2017,2021
5204123,5404271,2017,2021
5204130,5404271,2017,2021
5204131,5404271,2017,2021
5204132,5404271,2017,2021
5204133,5404271,2017,2021
5204135,5404271,2017,2021
5204140,5404271,2017,2021
5204150,5404271,2017,2021
5204155,5404271,2017,2021
5204160,5404271,2017,2021
5204161,5404271,2017,2021
5204162,5404271,2017,2021
5204168,5404271,2017,2021
5204169,5404271,2017,2021
5204170,5404271,2017,2021
5304010,5404271,2017,2021
5104330,5404271,2017,2021
5304018,5404271,2017,2021
5304019,5404271,2017,2021
5204180,5404271,2017,2021
5204181,5404271,2017,2021
5204182,5404271,2017,2021
5204183,5404271,2017,2021
5204184,5404271,2017,2021
5104340,5404271,2017,2021
5304021,5404271,2017,2021
5204187,5404271,2017,2021
5304029,5404271,2017,2021
5204190,5404271,2017,2021
5204191,5404271,2017,2021
5204192,5404271,2017,2021
5204193,5404271,2017,2021
5304034,5404271,2017,2021
5204194,5404271,2017,2021
5204196,5404271,2017,2021
5204195,5404271,2017,2021
5304036,5404271,2017,2021
5104350,5404271,2017,2021
5204210,5404271,2017,2021
5304050,5404271,2017,2021
5304053,5404271,2017,2021
5304056,5404271,2017,2021
5204217,5404271,2017,2021
5204219,5404271,2017,2021
5204225,5404271,2017,2021
5204229,5404271,2017,2021
5304070,5404271,2017,2021
5304090,5404271,2017,2021
5204252,5404271,2017,2021
5204253,5404271,2017,2021
5204255,5404271,2017,2021
5304100,5404271,2017,2021
5304110,5404271,2017,2021
5304111,5404271,2017,2021
5304119,5404271,2017,2021
5304122,5404271,2017,2021
5304123,5404271,2017,2021
5304126,5404271,2017,2021
5304129,5404271,2017,2021
5304132,5404271,2017,2021
5304133,5404271,2017,2021
5304134,5404271,2017,2021
5204300,5404271,2017,2021
5204301,5404271,2017,2021
5204302,5404271,2017,2021
5204303,5404271,2017,2021
5204400,5404271,2017,2021
5204401,5404271,2017,2021
5204450,5404271,2017,2021
5204451,5404271,2017,2021
5204452,5404271,2017,2021
5204460,5404271,2017,2021
5708135,5708145,2019,2021
5708140,5708145,2019,2021
5708141,5708145,2019,2021
5708142,5708145,2019,2021
5708145,5708145,2019,2021
5708148,5708145,2019,2021
5803186,5803180,2017,2021
5803187,5803180,2017,2021
5803180,5803180,2017,2021
5803182,5803180,2017,2021
6123650,6123100,2017,2023
6123780,6123100,2017,2023
6123401,6123100,2017,2023
6123800,6123100,2017,2023
6123420,6123100,2017,2023
6123300,6123100,2017,2023
6123430,6123100,2017,2023
6123180,6123100,2017,2023
6123181,6123100,2017,2023
6123820,6123100,2017,2023
6123440,6123100,2017,2023
6123825,6123100,2017,2023
6123710,6123100,2017,2023
6123200,6123100,2017,2023
6123460,6123100,2017,2023
6123470,6123100,2017,2023
6123730,6123100,2017,2023
6123100,6123100,2017,2023
6123740,6123100,2017,2023
6123620,6123100,2017,2023
6123250,6123100,2017,2023
6123641,6123100,2017,2023
6123770,6123100,2017,2023
6123645,6123100,2017,2023
6125320,6125100,2018,2020
6125710,6125100,2018,2020
6125330,6125100,2018,2020
6125730,6125100,2018,2020
6125220,6125100,2018,2020
6125350,6125100,2018,2020
6125610,6125100,2018,2020
6125100,6125100,2018,2020
6125230,6125100,2018,2020
6125361,6125100,2018,2020
6125362,6125100,2018,2020
6125363,6125100,2018,2020
6125620,6125100,2018,2020
6125240,6125100,2018,2020
6125630,6125100,2018,2020
6125250,6125100,2018,2020
6125640,6125100,2018,2020
6125650,6125100,2018,2020
6125660,6125100,2018,2020
6125540,6125100,2018,2020
6125680,6125100,2018,2020
6125310,6125100,2018,2020
6337200,6337200,2017,2024
6337100,6337200,2017,2024
6337501,6337200,2017,2024
6337502,6337200,2017,2024
6337503,6337200,2017,2024
6337504,6337200,2017,2024
6337505,6337200,2017,2024
6337250,6337200,2017,2024
6337506,6337200,2017,2024
6337507,6337200,2017,2024
6337509,6337200,2017,2024
6337510,6337200,2017,2024
6337511,6337200,2017,2024
6337508,6337200,2017,2024
6337513,6337200,2017,2024
6337514,6337200,2017,2024
6337515,6337200,2017,2024
6337518,6337200,2017,2024
6337519,6337200,2017,2024
6337400,6337200,2017,2024
6340225,6340110,2017,2020
6340610,6340110,2017,2020
6340611,6340110,2017,2020
6340613,6340110,2017,2020
6340360,6340110,2017,2020
6340620,6340110,2017,2020
6340621,6340110,2017,2020
6340110,6340110,2017,2020
6140300,6340110,2017,2020
6340365,6340110,2017,2020
6340625,6340110,2017,2020
6340366,6340110,2017,2020
6340627,6340110,2017,2020
6340501,6340110,2017,2020
6340630,6340110,2017,2020
6340120,6340110,2017,2020
6340635,6340110,2017,2020
6140700,6340110,2017,2020
6340510,6340110,2017,2020
6340130,6340110,2017,2020
6140450,6340110,2017,2020
6340515,6340110,2017,2020
6340140,6340110,2017,2020
6340400,6340110,2017,2020
6340150,6340110,2017,2020
6140600,6340110,2017,2020
6340410,6340110,2017,2020
6340671,6340110,2017,2020
6340800,6340110,2017,2020
6140481,6340110,2017,2020
6340160,6340110,2017,2020
6340420,6340110,2017,2020
6140100,6340110,2017,2020
6140101,6340110,2017,2020
6340170,6340110,2017,2020
6340810,6340110,2017,2020
6340300,6340110,2017,2020
6340301,6340110,2017,2020
6340430,6340110,2017,2020
6340303,6340110,2017,2020
6340302,6340110,2017,2020
6340180,6340110,2017,2020
6140500,6340110,2017,2020
6340310,6340110,2017,2020
6340440,6340110,2017,2020
6140120,6340110,2017,2020
6140250,6340110,2017,2020
6340315,6340110,2017,2020
6340700,6340110,2017,2020
6340190,6340110,2017,2020
6340320,6340110,2017,2020
6140130,6340110,2017,2020
6140280,6340110,2017,2020
6340200,6340110,2017,2020
6340330,6340110,2017,2020
6140140,6340110,2017,2020
6340335,6340110,2017,2020
6140400,6340110,2017,2020
6140401,6340110,2017,2020
6340340,6340110,2017,2020
6340600,6340110,2017,2020
6340220,6340110,2017,2020
6340350,6340110,2017,2020
6457600,6357010,2017,2021
6357505,6357010,2017,2021
6457730,6357010,2017,2021
6457985,6357010,2017,2021
6457860,6357010,2017,2021
6457220,6357010,2017,2021
6357510,6357010,2017,2021
6457735,6357010,2017,2021
6457225,6357010,2017,2021
6457870,6357010,2017,2021
6457230,6357010,2017,2021
6357521,6357010,2017,2021
6357010,6357010,2017,2021
6457880,6357010,2017,2021
6457240,6357010,2017,2021
6457890,6357010,2017,2021
6457380,6357010,2017,2021
6457260,6357010,2017,2021
6457213,6357010,2017,2021
6457010,6357010,2017,2021
6457660,6357010,2017,2021
6457280,6357010,2017,2021
6457670,6357010,2017,2021
6457800,6357010,2017,2021
6457290,6357010,2017,2021
6457675,6357010,2017,2021
6457982,6357010,2017,2021
6457680,6357010,2017,2021
6457690,6357010,2017,2021
6457820,6357010,2017,2021
6457955,6357010,2017,2021
6457956,6357010,2017,2021
6457704,6357010,2017,2021
6457707,6357010,2017,2021
6457840,6357010,2017,2021
6457200,6357010,2017,2021
6457330,6357010,2017,2021
6457205,6357010,2017,2021
6457720,6357010,2017,2021
6457850,6357010,2017,2021
6457340,6357010,2017,2021
6357501,6357010,2017,2021
6357502,6357010,2017,2021
6221570,6421102,2017,2019
6221200,6421102,2017,2019
6221600,6421102,2017,2019
6221610,6421102,2017,2019
6221100,6421102,2017,2019
6221101,6421102,2017,2019
6221102,6421102,2017,2019
6221620,6421102,2017,2019
6221110,6421102,2017,2019
6221500,6421102,2017,2019
6221501,6421102,2017,2019
6221630,6421102,2017,2019
6221120,6421102,2017,2019
6221510,6421102,2017,2019
6221640,6421102,2017,2019
6221130,6421102,2017,2019
6221131,6421102,2017,2019
6221650,6421102,2017,2019
6221140,6421102,2017,2019
6221670,6421102,2017,2019
6421101,6421102,2017,2019
6221550,6421102,2017,2019
6221551,6421102,2017,2019
6221680,6421102,2017,2019
6421102,6421102,2017,2019
6221560,6421102,2017,2019
6421500,6421102,2017,2019
6935560,6435060,2017,2020
6935051,6435060,2017,2020
6935053,6435060,2017,2020
6935054,6435060,2017,2020
6935055,6435060,2017,2020
6935060,6435060,2017,2020
6935065,6435060,2017,2020
6935580,6435060,2017,2020
6935070,6435060,2017,2020
6335520,6435060,2017,2020
6335521,6435060,2017,2020
6935590,6435060,2017,2020
6935080,6435060,2017,2020
6335530,6435060,2017,2020
6335020,6435060,2017,2020
6935600,6435060,2017,2020
6336050,6435060,2017,2020
6335540,6435060,2017,2020
6335030,6435060,2017,2020
6335031,6435060,2017,2020
6335032,6435060,2017,2020
6335035,6435060,2017,2020
6935100,6435060,2017,2020
6335550,6435060,2017,2020
6335040,6435060,2017,2020
6235200,6435060,2017,2020
6335045,6435060,2017,2020
6335046,6435060,2017,2020
6335560,6435060,2017,2020
6335050,6435060,2017,2020
6235210,6435060,2017,2020
6335565,6435060,2017,2020
6335055,6435060,2017,2020
6335570,6435060,2017,2020
6335060,6435060,2017,2020
6335580,6435060,2017,2020
6335070,6435060,2017,2020
6335075,6435060,2017,2020
6335076,6435060,2017,2020
6335080,6435060,2017,2020
6935145,6435060,2017,2020
6335082,6435060,2017,2020
6335083,6435060,2017,2020
6335600,6435060,2017,2020
6335603,6435060,2017,2020
6335606,6435060,2017,2020
6335100,6435060,2017,2020
6335620,6435060,2017,2020
6335113,6435060,2017,2020
6335116,6435060,2017,2020
6335117,6435060,2017,2020
6335640,6435060,2017,2020
6935200,6435060,2017,2020
6235300,6435060,2017,2020
6335660,6435060,2017,2020
6335150,6435060,2017,2020
6136500,6435060,2017,2020
6935220,6435060,2017,2020
6335156,6435060,2017,2020
6335671,6435060,2017,2020
6335675,6435060,2017,2020
6335676,6435060,2017,2020
6335167,6435060,2017,2020
6335680,6435060,2017,2020
6335681,6435060,2017,2020
6335170,6435060,2017,2020
6335175,6435060,2017,2020
6136520,6435060,2017,2020
6335690,6435060,2017,2020
6335180,6435060,2017,2020
6335696,6435060,2017,2020
6335190,6435060,2017,2020
6335710,6435060,2017,2020
6335200,6435060,2017,2020
6335730,6435060,2017,2020
6435060,6435060,2017,2020
6335735,6435060,2017,2020
6935300,6435060,2017,2020
6935301,6435060,2017,2020
6935302,6435060,2017,2020
6335240,6435060,2017,2020
6235400,6435060,2017,2020
6935310,6435060,2017,2020
6935314,6435060,2017,2020
6935320,6435060,2017,2020
6336800,6435060,2017,2020
6935330,6435060,2017,2020
6935331,6435060,2017,2020
6935335,6435060,2017,2020
6935350,6435060,2017,2020
6335800,6435060,2017,2020
6335290,6435060,2017,2020
6335291,6435060,2017,2020
6935361,6435060,2017,2020
6335300,6435060,2017,2020
6335301,6435060,2017,2020
6335302,6435060,2017,2020
6335303,6435060,2017,2020
6335304,6435060,2017,2020
6135110,6435060,2017,2020
6135120,6435060,2017,2020
6335830,6435060,2017,2020
6136151,6435060,2017,2020
6935387,6435060,2017,2020
6935390,6435060,2017,2020
6136160,6435060,2017,2020
6935400,6435060,2017,2020
6935401,6435060,2017,2020
6935402,6435060,2017,2020
6235500,6435060,2017,2020
6935410,6435060,2017,2020
6935412,6435060,2017,2020
6336510,6435060,2017,2020
6335350,6435060,2017,2020
6336900,6435060,2017,2020
6935430,6435060,2017,2020
6136200,6435060,2017,2020
6136201,6435060,2017,2020
6136202,6435060,2017,2020
6235530,6435060,2017,2020
6336910,6435060,2017,2020
6235535,6435060,2017,2020
6336920,6435060,2017,2020
6135200,6435060,2017,2020
6336930,6435060,2017,2020
6342050,6435060,2017,2020
6935460,6435060,2017,2020
6135210,6435060,2017,2020
6335410,6435060,2017,2020
6935500,6435060,2017,2020
6335450,6435060,2017,2020
6235100,6435060,2017,2020
6235101,6435060,2017,2020
6235102,6435060,2017,2020
6335460,6435060,2017,2020
6235110,6435060,2017,2020
6836200,6435060,2017,2020
6335465,6435060,2017,2020
6935020,6435060,2017,2020
6335470,6435060,2017,2020
6836210,6435060,2017,2020
6336500,6435060,2017,2020
6935540,6435060,2017,2020
6836220,6435060,2017,2020
6935550,6435060,2017,2020
6458753,6458010,2017,2023
6458510,6458010,2017,2023
6158100,6458010,2017,2023
6458010,6458010,2017,2023
6458530,6458010,2017,2023
6458406,6458010,2017,2023
6458924,6458010,2017,2023
6458540,6458010,2017,2023
6458420,6458010,2017,2023
6458805,6458010,2017,2023
6458809,6458010,2017,2023
6458555,6458010,2017,2023
6458560,6458010,2017,2023
6458950,6458010,2017,2023
6458440,6458010,2017,2023
6458450,6458010,2017,2023
6458200,6458010,2017,2023
6458713,6458010,2017,2023
6458201,6458010,2017,2023
6458203,6458010,2017,2023
6458460,6458010,2017,2023
6458605,6458010,2017,2023
6458863,6458010,2017,2023
6458613,6458010,2017,2023
6458620,6458010,2017,2023
6574721,6574150,2017,2022
6574727,6574150,2017,2022
6574350,6574150,2017,2022
6574351,6574150,2017,2022
6574352,6574150,2017,2022
6574360,6574150,2017,2022
6574364,6574150,2017,2022
6574108,6574150,2017,2022
6574366,6574150,2017,2022
6574373,6574150,2017,2022
6574011,6574150,2017,2022
6574403,6574150,2017,2022
6574150,6574150,2017,2022
6574663,6574150,2017,2022
6574152,6574150,2017,2022
6574154,6574150,2017,2022
6574413,6574150,2017,2022
6573301,6574150,2017,2022
6574711,6574150,2017,2022
6246400,6742500,2017,2020
6242820,6742500,2017,2020
6342660,6742500,2017,2020
6442500,6742500,2017,2020
6243850,6742500,2017,2020
6242830,6742500,2017,2020
6646800,6742500,2017,2020
6243350,6742500,2017,2020
6742552,6742500,2017,2020
6243355,6742500,2017,2020
6243360,6742500,2017,2020
6242850,6742500,2017,2020
6744100,6742500,2017,2020
6547500,6742500,2017,2020
6444600,6742500,2017,2020
6142520,6742500,2017,2020
6444090,6742500,2017,2020
6442050,6742500,2017,2020
6444100,6742500,2017,2020
6243400,6742500,2017,2020
6444110,6742500,2017,2020
6243410,6742500,2017,2020
6342230,6742500,2017,2020
6142551,6742500,2017,2020
6545500,6742500,2017,2020
6545501,6742500,2017,2020
6242910,6742500,2017,2020
6242401,6742500,2017,2020
6144100,6742500,2017,2020
6442600,6742500,2017,2020
6242920,6742500,2017,2020
6242930,6742500,2017,2020
6242420,6742500,2017,2020
6442100,6742500,2017,2020
6242933,6742500,2017,2020
6243450,6742500,2017,2020
6242940,6742500,2017,2020
6242950,6742500,2017,2020
6242951,6742500,2017,2020
6744200,6742500,2017,2020
6744201,6742500,2017,2020
6142601,6742500,2017,2020
6342800,6742500,2017,2020
6142100,6742500,2017,2020
6142101,6742500,2017,2020
6144150,6742500,2017,2020
6342810,6742500,2017,2020
6545050,6742500,2017,2020
6142620,6742500,2017,2020
6142110,6742500,2017,2020
6342820,6742500,2017,2020
6444200,6742500,2017,2020
6142120,6742500,2017,2020
6342830,6742500,2017,2020
6142640,6742500,2017,2020
6546610,6742500,2017,2020
6742200,6742500,2017,2020
6742201,6742500,2017,2020
6246590,6742500,2017,2020
6545600,6742500,2017,2020
6545601,6742500,2017,2020
6142660,6742500,2017,2020
6242501,6742500,2017,2020
6142150,6742500,2017,2020
6144200,6742500,2017,2020
6545101,6742500,2017,2020
6242510,6742500,2017,2020
6545102,6742500,2017,2020
6246605,6742500,2017,2020
6242515,6742500,2017,2020
6246612,6742500,2017,2020
6246611,6742500,2017,2020
6243030,6742500,2017,2020
6545110,6742500,2017,2020
6142680,6742500,2017,2020
6242520,6742500,2017,2020
6142170,6742500,2017,2020
6444250,6742500,2017,2020
6246100,6742500,2017,2020
6246620,6742500,2017,2020
6242530,6742500,2017,2020
6242020,6742500,2017,2020
6544100,6742500,2017,2020
6545125,6742500,2017,2020
6246630,6742500,2017,2020
6246631,6742500,2017,2020
6246633,6742500,2017,2020
6243050,6742500,2017,2020
6246635,6742500,2017,2020
6246632,6742500,2017,2020
6246120,6742500,2017,2020
6242030,6742500,2017,2020
6142190,6742500,2017,2020
6246121,6742500,2017,2020
6246130,6742500,2017,2020
6342900,6742500,2017,2020
6242550,6742500,2017,2020
6142200,6742500,2017,2020
6246140,6742500,2017,2020
6246145,6742500,2017,2020
6242050,6742500,2017,2020
6342920,6742500,2017,2020
6246155,6742500,2017,2020
6342926,6742500,2017,2020
6342927,6742500,2017,2020
6342928,6742500,2017,2020
6246160,6742500,2017,2020
6342930,6742500,2017,2020
6342931,6742500,2017,2020
6542100,6742500,2017,2020
6246165,6742500,2017,2020
6444310,6742500,2017,2020
6342935,6742500,2017,2020
6242070,6742500,2017,2020
6246161,6742500,2017,2020
6246170,6742500,2017,2020
6342945,6742500,2017,2020
6545700,6742500,2017,2020
6246180,6742500,2017,2020
6545190,6742500,2017,2020
6342951,6742500,2017,2020
6242600,6742500,2017,2020
6142250,6742500,2017,2020
6144300,6742500,2017,2020
6246700,6742500,2017,2020
6246701,6742500,2017,2020
6246190,6742500,2017,2020
6243120,6742500,2017,2020
6342960,6742500,2017,2020
6242610,6742500,2017,2020
6545200,6742500,2017,2020
6142260,6742500,2017,2020
6242613,6742500,2017,2020
6246710,6742500,2017,2020
6242615,6742500,2017,2020
6246195,6742500,2017,2020
6342970,6742500,2017,2020
6242620,6742500,2017,2020
6442300,6742500,2017,2020
6142270,6742500,2017,2020
6444350,6742500,2017,2020
6242110,6742500,2017,2020
6342980,6742500,2017,2020
6242630,6742500,2017,2020
6242631,6742500,2017,2020
6242120,6742500,2017,2020
6343500,6742500,2017,2020
6242130,6742500,2017,2020
6444380,6742500,2017,2020
6242140,6742500,2017,2020
6144350,6742500,2017,2020
6142300,6742500,2017,2020
6343520,6742500,2017,2020
6342502,6742500,2017,2020
6242150,6742500,2017,2020
6444400,6742500,2017,2020
6242160,6742500,2017,2020
6546802,6742500,2017,2020
6342520,6742500,2017,2020
6542200,6742500,2017,2020
6342522,6742500,2017,2020
6242170,6742500,2017,2020
6943100,6742500,2017,2020
6343550,6742500,2017,2020
6243200,6742500,2017,2020
6243201,6742500,2017,2020
6742400,6742500,2017,2020
6343555,6742500,2017,2020
6242180,6742500,2017,2020
6943110,6742500,2017,2020
6343560,6742500,2017,2020
6545800,6742500,2017,2020
6243210,6742500,2017,2020
6943115,6742500,2017,2020
6242700,6742500,2017,2020
6243220,6742500,2017,2020
6545300,6742500,2017,2020
6242710,6742500,2017,2020
6242200,6742500,2017,2020
6243230,6742500,2017,2020
6243235,6742500,2017,2020
6243240,6742500,2017,2020
6243245,6742500,2017,2020
6943150,6742500,2017,2020
6243250,6742500,2017,2020
6742451,6742500,2017,2020
6742452,6742500,2017,2020
6744500,6742500,2017,2020
6342070,6742500,2017,2020
6943160,6742500,2017,2020
6343100,6742500,2017,2020
6243260,6742500,2017,2020
6242240,6742500,2017,2020
6342081,6742500,2017,2020
6943170,6742500,2017,2020
6243270,6742500,2017,2020
6343110,6742500,2017,2020
6342600,6742500,2017,2020
6343111,6742500,2017,2020
6242250,6742500,2017,2020
6242251,6742500,2017,2020
6343120,6742500,2017,2020
6444500,6742500,2017,2020
6342100,6742500,2017,2020
6242260,6742500,2017,2020
6243800,6742500,2017,2020
6342105,6742500,2017,2020
6242270,6742500,2017,2020
6342625,6742500,2017,2020
6742500,6742500,2017,2020
6243300,6742500,2017,2020
6342630,6742500,2017,2020
6242280,6742500,2017,2020
6242281,6742500,2017,2020
6342120,6742500,2017,2020
6242800,6742500,2017,2020
6342130,6742500,2017,2020
6242290,6742500,2017,2020
6242810,6742500,2017,2020
6545401,6742500,2017,2020
6342650,6742500,2017,2020
6242300,6742500,2017,2020
6342655,6742500,2017,2020
6854700,6854700,2017,2024
6854701,6854700,2017,2024
6854702,6854700,2017,2024
6854703,6854700,2017,2024
6854704,6854700,2017,2024
6854705,6854700,2017,2024
6854706,6854700,2017,2024
6854708,6854700,2017,2024
6854710,6854700,2017,2024
6854711,6854700,2017,2024
6854714,6854700,2017,2024
71200000,77150000,2017,2023
73600000,77150000,2017,2023
74800000,77150000,2017,2023
74320000,77150000,2017,2023
74880000,77150000,2017,2023
75200000,77150000,2017,2023
75600000,77150000,2017,2023
72810000,77150000,2017,2023
73770000,77150000,2017,2023
75295000,77150000,2017,2023
70100000,77150000,2017,2023
74100000,77150000,2017,2023
70500000,77150000,2017,2023
71300000,77150000,2017,2023
74900000,77150000,2017,2023
75780000,77150000,2017,2023
75700000,77150000,2017,2023
72430000,77150000,2017,2023
74270000,77150000,2017,2023
74750000,77150000,2017,2023
75550000,77150000,2017,2023
75230000,77150000,2017,2023
77150000,77150000,2017,2023
76750000,77150000,2017,2023
70200000,77150000,2017,2023
72680000,77150000,2017,2023
73960000,77150000,2017,2023
74205000,77150000,2017,2023
71250000,77150000,2017,2023
74370000,77150000,2017,2023
74295000,77150000,2017,2023
70300000,77150000,2017,2023
73900000,77150000,2017,2023
74460000,77150000,2017,2023
74700000,77150000,2017,2023
76300000,77150000,2017,2023
72849000,77150000,2017,2023
72630000,77150000,2017,2023
71350001,77150000,2017,2023
73350000,77150000,2017,2023
74470000,77150000,2017,2023
76310000,77150000,2017,2023
72715000,77150000,2017,2023
13600002,17050001,2017,2020
14330000,17050001,2017,2020
17050001,17050001,2017,2020
15130000,17050001,2017,2020
15930000,17050001,2017,2020
12500000,17050001,2017,2020
14100000,17050001,2017,2020
15700000,17050001,2017,2020
13150000,17050001,2017,2020
13470000,17050001,2017,2020
13710001,17050001,2017,2020
13870000,17050001,2017,2020
14350000,17050001,2017,2020
14526000,17050001,2017,2020
15550000,17050001,2017,2020
14515000,17050001,2017,2020
11400000,17050001,2017,2020
12520000,17050001,2017,2020
13880000,17050001,2017,2020
14440000,17050001,2017,2020
14680001,17050001,2017,2020
15400000,17050001,2017,2020
15800000,17050001,2017,2020
12370000,17050001,2017,2020
11500000,17050001,2017,2020
12700000,17050001,2017,2020
13750000,17050001,2017,2020
15030000,17050001,2017,2020
15910000,17050001,2017,2020
34020000,34879500,2017,2023
34060000,34879500,2017,2023
34251000,34879500,2017,2023
34660000,34879500,2017,2023
34789000,34879500,2017,2023
34879500,34879500,2017,2023
34070000,34879500,2017,2023
34090000,34879500,2017,2023
34130000,34879500,2017,2023
34170000,34879500,2017,2023
34571000,34879500,2017,2023
34690000,34879500,2017,2023
34730000,34879500,2017,2023
34750000,34879500,2017,2023
34311000,34879500,2017,2023
34770000,34879500,2017,2023
36020000,36390000,2017,2023
36160000,36390000,2017,2023
36320000,36390000,2017,2023
36125000,36390000,2017,2023
36045000,36390000,2017,2023
36130000,36390000,2017,2023
36210000,36390000,2017,2023
36290000,36390000,2017,2023
36250000,36390000,2017,2023
36390000,36390000,2017,2023
43200000,49705000,2017,2022
40800001,49705000,2017,2022
45131000,49705000,2017,2022
45840000,49705000,2017,2022
41440005,49705000,2017,2022
40037000,49705000,2017,2022
41685000,49705000,2017,2022
42089998,49705000,2017,2022
40330000,49705000,2017,2022
40170000,49705000,2017,2022
41050000,49705000,2017,2022
41818000,49705000,2017,2022
42250000,49705000,2017,2022
42490000,49705000,2017,2022
44250000,49705000,2017,2022
45210000,49705000,2017,2022
41135000,49705000,2017,2022
45770000,49705000,2017,2022
40100000,49705000,2017,2022
41300000,49705000,2017,2022
41380000,49705000,2017,2022
41780002,49705000,2017,2022
43300000,49705000,2017,2022
44500000,49705000,2017,2022
45220000,49705000,2017,2022
48020000,49705000,2017,2022
40025000,49705000,2017,2022
40185000,49705000,2017,2022
46105000,49705000,2017,2022
49705000,49705000,2017,2022
44670000,49705000,2017,2022
48590000,49705000,2017,2022
46035000,49705000,2017,2022
40040000,49705000,2017,2022
40680000,49705000,2017,2022
42840000,49705000,2017,2022
44200000,49705000,2017,2022
43880000,49705000,2017,2022
45480000,49705000,2017,2022
45880000,49705000,2017,2022
45960001,49705000,2017,2022
46360000,49705000,2017,2022
46610000,49705000,2017,2022
46770000,49705000,2017,2022
49330000,49705000,2017,2022
40050000,49705000,2017,2022
40850000,49705000,2017,2022
42210000,49705000,2017,2022
41410000,49705000,2017,2022
41650002,49705000,2017,2022
41890000,49705000,2017,2022
42290000,49705000,2017,2022
42690001,49705000,2017,2022
44290002,49705000,2017,2022
45298000,49705000,2017,2022
45170001,49705000,2017,2022
46455000,49705000,2017,2022
40811100,49705000,2017,2022
48290000,49705000,2017,2022
41260000,49705000,2017,2022
40060001,49705000,2017,2022
45260000,49705000,2017,2022
46650000,49705000,2017,2022
49370000,49705000,2017,2022
40549998,49705000,2017,2022
40150000,49705000,2017,2022
40710000,49705000,2017,2022
41990000,49705000,2017,2022
43670000,49705000,2017,2022
45590000,49705000,2017,2022
45910001,49705000,2017,2022
46902000,49705000,2017,2022
42395000,49705000,2017,2022
41199998,49705000,2017,2022
56240000,56994510,2017,2021
56640000,56994510,2017,2021
56800000,56994510,2017,2021
56992000,56994510,2017,2021
56960005,56994510,2017,2021
56484998,56994510,2017,2021
56991500,56994510,2017,2021
56990990,56994510,2017,2021
56993551,56994510,2017,2021
56090000,56994510,2017,2021
56415000,56994510,2017,2021
56335001,56994510,2017,2021
56659998,56994510,2017,2021
56500000,56994510,2017,2021
56425000,56994510,2017,2021
56825000,56994510,2017,2021
56510000,56994510,2017,2021
56846000,56994510,2017,2021
56990000,56994510,2017,2021
56110005,56994510,2017,2021
56696000,56994510,2017,2021
56920000,56994510,2017,2021
56989001,56994510,2017,2021
56994510,56994510,2017,2021
56610000,56994510,2017,2021
56978000,56994510,2017,2021
56055000,56994510,2017,2021
56983000,56994510,2017,2021
56028000,56994510,2017,2021
56860000,56994510,2017,2021
56940002,56994510,2017,2021
56065000,56994510,2017,2021
56075000,56994510,2017,2021
56870000,56994510,2017,2021
56539000,56994510,2017,2021
56891900,56994510,2017,2021
56719998,56994510,2017,2021
58720000,58974000,2017,2021
58736000,58974000,2017,2021
58880001,58974000,2017,2021
58960000,58974000,2017,2021
58405000,58974000,2017,2021
58917000,58974000,2017,2021
58730001,58974000,2017,2021
58516500,58974000,2017,2021
58735000,58974000,2017,2021
58795000,58974000,2017,2021
58425000,58974000,2017,2021
58585000,58974000,2017,2021
58825000,58974000,2017,2021
58030000,58974000,2017,2021
58750000,58974000,2017,2021
58670002,58974000,2017,2021
58846000,58974000,2017,2021
58974000,58974000,2017,2021
58910000,58974000,2017,2021
58099000,58974000,2017,2021
58755000,58974000,2017,2021
58040000,58974000,2017,2021
58520000,58974000,2017,2021
58920000,58974000,2017,2021
58765001,58974000,2017,2021
58434000,58974000,2017,2021
58530000,58974000,2017,2021
58610000,58974000,2017,2021
58770000,58974000,2017,2021
58850000,58974000,2017,2021
58930000,58974000,2017,2021
58183000,58974000,2017,2021
58535000,58974000,2017,2021
58235100,58974000,2017,2021
58060000,58974000,2017,2021
58204000,58974000,2017,2021
58220000,58974000,2017,2021
58380001,58974000,2017,2021
58827000,58974000,2017,2021
58940000,58974000,2017,2021
58305001,58974000,2017,2021
58470000,58974000,2017,2021
58550001,58974000,2017,2021
58630002,58974000,2017,2021
58870000,58974000,2017,2021
58480500,58974000,2017,2021
58934000,58974000,2017,2021
58142200,58974000,2017,2021
64764000,64830000,2017,2021
64820000,64830000,2017,2021
64776100,64830000,2017,2021
64795000,64830000,2017,2021
64773000,64830000,2017,2021
64785000,64830000,2017,2021
64771500,64830000,2017,2021
64799500,64830000,2017,2021
64810000,64830000,2017,2021
64830000,64830000,2017,2021
64775000,64830000,2017,2021
64815000,64830000,2017,2021
64767000,64830000,2017,2021
